Center Name,Location,State,Mobile Number,Consultant Name
Kurnool Rehabilitation Center,Kurnool,Andhra Pradesh,+91 9000000000,Dr. Priya Chowdhury
Guntur Rehabilitation Center,Guntur,Andhra Pradesh,+91 9000000001,Dr. Pooja Sharma
Vijayawada Rehabilitation Center,Vijayawada,Andhra Pradesh,+91 9000000002,Dr. Arun Singh
Vijayawada Rehabilitation Center,Vijayawada,Andhra Pradesh,+91 9000000003,Dr. Vikram Iyer
Vijayawada Rehabilitation Center,Vijayawada,Andhra Pradesh,+91 9000000004,Dr. Rajesh Verma
Guntur Rehabilitation Center,Guntur,Andhra Pradesh,+91 9000000005,Dr. Priya Patel
Visakhapatnam Rehabilitation Center,Visakhapatnam,Andhra Pradesh,+91 9000000006,Dr. Suresh Chowdhury
Kurnool Rehabilitation Center,Kurnool,Andhra Pradesh,+91 9000000007,Dr. Vikram Das
Kurnool Rehabilitation Center,Kurnool,Andhra Pradesh,+91 9000000008,Dr. Ravi Verma
Kurnool Rehabilitation Center,Kurnool,Andhra Pradesh,+91 9000000009,Dr. Suresh Patel
Pasighat Rehabilitation Center,Pasighat,Arunachal Pradesh,+91 9000000010,Dr. Ravi Reddy
Pasighat Rehabilitation Center,Pasighat,Arunachal Pradesh,+91 9000000011,Dr. Anita Kumar
Naharlagun Rehabilitation Center,Naharlagun,Arunachal Pradesh,+91 9000000012,Dr. Neha Gupta
Naharlagun Rehabilitation Center,Naharlagun,Arunachal Pradesh,+91 9000000013,Dr. Anita Patel
Pasighat Rehabilitation Center,Pasighat,Arunachal Pradesh,+91 9000000014,Dr. Priya Das
Pasighat Rehabilitation Center,Pasighat,Arunachal Pradesh,+91 9000000015,Dr. Arun Reddy
Pasighat Rehabilitation Center,Pasighat,Arunachal Pradesh,+91 9000000016,Dr. Sneha Kumar
Itanagar Rehabilitation Center,Itanagar,Arunachal Pradesh,+91 9000000017,Dr. Suresh Gupta
Naharlagun Rehabilitation Center,Naharlagun,Arunachal Pradesh,+91 9000000018,Dr. Priya Gupta
Pasighat Rehabilitation Center,Pasighat,Arunachal Pradesh,+91 9000000019,Dr. Suresh Sharma
Guwahati Rehabilitation Center,Guwahati,Assam,+91 9000000020,Dr. Neha Iyer
Dibrugarh Rehabilitation Center,Dibrugarh,Assam,+91 9000000021,Dr. Pooja Singh
Guwahati Rehabilitation Center,Guwahati,Assam,+91 9000000022,Dr. Anita Kumar
Jorhat Rehabilitation Center,Jorhat,Assam,+91 9000000023,Dr. Ravi Patel
Guwahati Rehabilitation Center,Guwahati,Assam,+91 9000000024,Dr. Priya Singh
Silchar Rehabilitation Center,Silchar,Assam,+91 9000000025,Dr. Neha Das
Guwahati Rehabilitation Center,Guwahati,Assam,+91 9000000026,Dr. Suresh Reddy
Dibrugarh Rehabilitation Center,Dibrugarh,Assam,+91 9000000027,Dr. Pooja Iyer
Guwahati Rehabilitation Center,Guwahati,Assam,+91 9000000028,Dr. Rajesh Patel
Jorhat Rehabilitation Center,Jorhat,Assam,+91 9000000029,Dr. Deepa Chowdhury
Bhagalpur Rehabilitation Center,Bhagalpur,Bihar,+91 9000000030,Dr. Priya Kumar
Gaya Rehabilitation Center,Gaya,Bihar,+91 9000000031,Dr. Pooja Reddy
Bhagalpur Rehabilitation Center,Bhagalpur,Bihar,+91 9000000032,Dr. Deepa Patel
Muzaffarpur Rehabilitation Center,Muzaffarpur,Bihar,+91 9000000033,Dr. Vikram Iyer
Muzaffarpur Rehabilitation Center,Muzaffarpur,Bihar,+91 9000000034,Dr. Vikram Singh
Muzaffarpur Rehabilitation Center,Muzaffarpur,Bihar,+91 9000000035,Dr. Deepa Chowdhury
Patna Rehabilitation Center,Patna,Bihar,+91 9000000036,Dr. Vikram Gupta
Muzaffarpur Rehabilitation Center,Muzaffarpur,Bihar,+91 9000000037,Dr. Arun Iyer
Muzaffarpur Rehabilitation Center,Muzaffarpur,Bihar,+91 9000000038,Dr. Pooja Iyer
Gaya Rehabilitation Center,Gaya,Bihar,+91 9000000039,Dr. Sneha Das
Bilaspur Rehabilitation Center,Bilaspur,Chhattisgarh,+91 9000000040,Dr. Priya Chowdhury
Korba Rehabilitation Center,Korba,Chhattisgarh,+91 9000000041,Dr. Anita Singh
Bilaspur Rehabilitation Center,Bilaspur,Chhattisgarh,+91 9000000042,Dr. Arun Das
Raipur Rehabilitation Center,Raipur,Chhattisgarh,+91 9000000043,Dr. Neha Sharma
Bilaspur Rehabilitation Center,Bilaspur,Chhattisgarh,+91 9000000044,Dr. Neha Chowdhury
Bilaspur Rehabilitation Center,Bilaspur,Chhattisgarh,+91 9000000045,Dr. Vikram Sharma
Korba Rehabilitation Center,Korba,Chhattisgarh,+91 9000000046,Dr. Deepa Singh
Bilaspur Rehabilitation Center,Bilaspur,Chhattisgarh,+91 9000000047,Dr. Pooja Singh
Durg Rehabilitation Center,Durg,Chhattisgarh,+91 9000000048,Dr. Anita Singh
Raipur Rehabilitation Center,Raipur,Chhattisgarh,+91 9000000049,Dr. Sneha Kumar
Vasco da Gama Rehabilitation Center,Vasco da Gama,Goa,+91 9000000050,Dr. Pooja Singh
Ponda Rehabilitation Center,Ponda,Goa,+91 9000000051,Dr. Rajesh Kumar
Ponda Rehabilitation Center,Ponda,Goa,+91 9000000052,Dr. Arun Das
Ponda Rehabilitation Center,Ponda,Goa,+91 9000000053,Dr. Arun Patel
Margao Rehabilitation Center,Margao,Goa,+91 9000000054,Dr. Ravi Singh
Margao Rehabilitation Center,Margao,Goa,+91 9000000055,Dr. Suresh Das
Vasco da Gama Rehabilitation Center,Vasco da Gama,Goa,+91 9000000056,Dr. Priya Iyer
Vasco da Gama Rehabilitation Center,Vasco da Gama,Goa,+91 9000000057,Dr. Anita Verma
Margao Rehabilitation Center,Margao,Goa,+91 9000000058,Dr. Suresh Chowdhury
Margao Rehabilitation Center,Margao,Goa,+91 9000000059,Dr. Rajesh Singh
Surat Rehabilitation Center,Surat,Gujarat,+91 9000000060,Dr. Amit Sharma
Rajkot Rehabilitation Center,Rajkot,Gujarat,+91 9000000061,Dr. Anita Reddy
Rajkot Rehabilitation Center,Rajkot,Gujarat,+91 9000000062,Dr. Amit Kumar
Rajkot Rehabilitation Center,Rajkot,Gujarat,+91 9000000063,Dr. Sneha Gupta
Surat Rehabilitation Center,Surat,Gujarat,+91 9000000064,Dr. Anita Singh
Rajkot Rehabilitation Center,Rajkot,Gujarat,+91 9000000065,Dr. Priya Iyer
Vadodara Rehabilitation Center,Vadodara,Gujarat,+91 9000000066,Dr. Neha Das
Rajkot Rehabilitation Center,Rajkot,Gujarat,+91 9000000067,Dr. Deepa Gupta
Vadodara Rehabilitation Center,Vadodara,Gujarat,+91 9000000068,Dr. Vikram Chowdhury
Vadodara Rehabilitation Center,Vadodara,Gujarat,+91 9000000069,Dr. Arun Singh
Faridabad Rehabilitation Center,Faridabad,Haryana,+91 9000000070,Dr. Ravi Kumar
Gurgaon Rehabilitation Center,Gurgaon,Haryana,+91 9000000071,Dr. Suresh Das
Faridabad Rehabilitation Center,Faridabad,Haryana,+91 9000000072,Dr. Pooja Patel
Panipat Rehabilitation Center,Panipat,Haryana,+91 9000000073,Dr. Neha Kumar
Faridabad Rehabilitation Center,Faridabad,Haryana,+91 9000000074,Dr. Anita Patel
Chandigarh Rehabilitation Center,Chandigarh,Haryana,+91 9000000075,Dr. Vikram Gupta
Gurgaon Rehabilitation Center,Gurgaon,Haryana,+91 9000000076,Dr. Neha Das
Chandigarh Rehabilitation Center,Chandigarh,Haryana,+91 9000000077,Dr. Vikram Das
Gurgaon Rehabilitation Center,Gurgaon,Haryana,+91 9000000078,Dr. Arun Verma
Faridabad Rehabilitation Center,Faridabad,Haryana,+91 9000000079,Dr. Rajesh Gupta
Shimla Rehabilitation Center,Shimla,Himachal Pradesh,+91 9000000080,Dr. Priya Gupta
Dharamshala Rehabilitation Center,Dharamshala,Himachal Pradesh,+91 9000000081,Dr. Priya Kumar
Mandi Rehabilitation Center,Mandi,Himachal Pradesh,+91 9000000082,Dr. Priya Sharma
Mandi Rehabilitation Center,Mandi,Himachal Pradesh,+91 9000000083,Dr. Priya Kumar
Mandi Rehabilitation Center,Mandi,Himachal Pradesh,+91 9000000084,Dr. Deepa Kumar
Mandi Rehabilitation Center,Mandi,Himachal Pradesh,+91 9000000085,Dr. Amit Kumar
Shimla Rehabilitation Center,Shimla,Himachal Pradesh,+91 9000000086,Dr. Vikram Singh
Mandi Rehabilitation Center,Mandi,Himachal Pradesh,+91 9000000087,Dr. Arun Reddy
Shimla Rehabilitation Center,Shimla,Himachal Pradesh,+91 9000000088,Dr. Rajesh Kumar
Shimla Rehabilitation Center,Shimla,Himachal Pradesh,+91 9000000089,Dr. Neha Gupta
Dhanbad Rehabilitation Center,Dhanbad,Jharkhand,+91 9000000090,Dr. Anita Verma
Bokaro Rehabilitation Center,Bokaro,Jharkhand,+91 9000000091,Dr. Deepa Verma
Jamshedpur Rehabilitation Center,Jamshedpur,Jharkhand,+91 9000000092,Dr. Rajesh Verma
Jamshedpur Rehabilitation Center,Jamshedpur,Jharkhand,+91 9000000093,Dr. Rajesh Kumar
Bokaro Rehabilitation Center,Bokaro,Jharkhand,+91 9000000094,Dr. Priya Kumar
Ranchi Rehabilitation Center,Ranchi,Jharkhand,+91 9000000095,Dr. Neha Singh
Dhanbad Rehabilitation Center,Dhanbad,Jharkhand,+91 9000000096,Dr. Neha Singh
Bokaro Rehabilitation Center,Bokaro,Jharkhand,+91 9000000097,Dr. Amit Das
Ranchi Rehabilitation Center,Ranchi,Jharkhand,+91 9000000098,Dr. Sneha Das
Ranchi Rehabilitation Center,Ranchi,Jharkhand,+91 9000000099,Dr. Ravi Gupta
Bangalore Rehabilitation Center,Bangalore,Karnataka,+91 9000000100,Dr. Arun Iyer
Hubli Rehabilitation Center,Hubli,Karnataka,+91 9000000101,Dr. Priya Verma
Bangalore Rehabilitation Center,Bangalore,Karnataka,+91 9000000102,Dr. Neha Iyer
Bangalore Rehabilitation Center,Bangalore,Karnataka,+91 9000000103,Dr. Ravi Sharma
Mangalore Rehabilitation Center,Mangalore,Karnataka,+91 9000000104,Dr. Amit Das
Hubli Rehabilitation Center,Hubli,Karnataka,+91 9000000105,Dr. Ravi Kumar
Mysore Rehabilitation Center,Mysore,Karnataka,+91 9000000106,Dr. Deepa Iyer
Hubli Rehabilitation Center,Hubli,Karnataka,+91 9000000107,Dr. Suresh Patel
Mysore Rehabilitation Center,Mysore,Karnataka,+91 9000000108,Dr. Amit Reddy
Bangalore Rehabilitation Center,Bangalore,Karnataka,+91 9000000109,Dr. Rajesh Kumar
Kollam Rehabilitation Center,Kollam,Kerala,+91 9000000110,Dr. Arun Verma
Thiruvananthapuram Rehabilitation Center,Thiruvananthapuram,Kerala,+91 9000000111,Dr. Priya Kumar
Kochi Rehabilitation Center,Kochi,Kerala,+91 9000000112,Dr. Pooja Chowdhury
Thiruvananthapuram Rehabilitation Center,Thiruvananthapuram,Kerala,+91 9000000113,Dr. Priya Singh
Thiruvananthapuram Rehabilitation Center,Thiruvananthapuram,Kerala,+91 9000000114,Dr. Arun Sharma
Thiruvananthapuram Rehabilitation Center,Thiruvananthapuram,Kerala,+91 9000000115,Dr. Pooja Chowdhury
Thiruvananthapuram Rehabilitation Center,Thiruvananthapuram,Kerala,+91 9000000116,Dr. Anita Sharma
Calicut Rehabilitation Center,Calicut,Kerala,+91 9000000117,Dr. Amit Kumar
Kollam Rehabilitation Center,Kollam,Kerala,+91 9000000118,Dr. Pooja Singh
Calicut Rehabilitation Center,Calicut,Kerala,+91 9000000119,Dr. Neha Patel
Indore Rehabilitation Center,Indore,Madhya Pradesh,+91 9000000120,Dr. Vikram Sharma
Gwalior Rehabilitation Center,Gwalior,Madhya Pradesh,+91 9000000121,Dr. Sneha Reddy
Indore Rehabilitation Center,Indore,Madhya Pradesh,+91 9000000122,Dr. Priya Das
Indore Rehabilitation Center,Indore,Madhya Pradesh,+91 9000000123,Dr. Amit Chowdhury
Gwalior Rehabilitation Center,Gwalior,Madhya Pradesh,+91 9000000124,Dr. Neha Reddy
Bhopal Rehabilitation Center,Bhopal,Madhya Pradesh,+91 9000000125,Dr. Anita Kumar
Gwalior Rehabilitation Center,Gwalior,Madhya Pradesh,+91 9000000126,Dr. Suresh Das
Jabalpur Rehabilitation Center,Jabalpur,Madhya Pradesh,+91 9000000127,Dr. Ravi Gupta
Indore Rehabilitation Center,Indore,Madhya Pradesh,+91 9000000128,Dr. Deepa Sharma
Indore Rehabilitation Center,Indore,Madhya Pradesh,+91 9000000129,Dr. Amit Verma
Nashik Rehabilitation Center,Nashik,Maharashtra,+91 9000000130,Dr. Suresh Kumar
Nashik Rehabilitation Center,Nashik,Maharashtra,+91 9000000131,Dr. Amit Verma
Mumbai Rehabilitation Center,Mumbai,Maharashtra,+91 9000000132,Dr. Ravi Chowdhury
Nashik Rehabilitation Center,Nashik,Maharashtra,+91 9000000133,Dr. Rajesh Reddy
Pune Rehabilitation Center,Pune,Maharashtra,+91 9000000134,Dr. Arun Verma
Pune Rehabilitation Center,Pune,Maharashtra,+91 9000000135,Dr. Priya Iyer
Nashik Rehabilitation Center,Nashik,Maharashtra,+91 9000000136,Dr. Sneha Sharma
Mumbai Rehabilitation Center,Mumbai,Maharashtra,+91 9000000137,Dr. Neha Chowdhury
Nashik Rehabilitation Center,Nashik,Maharashtra,+91 9000000138,Dr. Pooja Das
Pune Rehabilitation Center,Pune,Maharashtra,+91 9000000139,Dr. Amit Reddy
Imphal Rehabilitation Center,Imphal,Manipur,+91 9000000140,Dr. Deepa Chowdhury
Imphal Rehabilitation Center,Imphal,Manipur,+91 9000000141,Dr. Ravi Sharma
Thoubal Rehabilitation Center,Thoubal,Manipur,+91 9000000142,Dr. Amit Reddy
Thoubal Rehabilitation Center,Thoubal,Manipur,+91 9000000143,Dr. Arun Das
Imphal Rehabilitation Center,Imphal,Manipur,+91 9000000144,Dr. Pooja Reddy
Thoubal Rehabilitation Center,Thoubal,Manipur,+91 9000000145,Dr. Priya Chowdhury
Bishnupur Rehabilitation Center,Bishnupur,Manipur,+91 9000000146,Dr. Vikram Das
Thoubal Rehabilitation Center,Thoubal,Manipur,+91 9000000147,Dr. Suresh Iyer
Bishnupur Rehabilitation Center,Bishnupur,Manipur,+91 9000000148,Dr. Ravi Kumar
Bishnupur Rehabilitation Center,Bishnupur,Manipur,+91 9000000149,Dr. Neha Verma
Jowai Rehabilitation Center,Jowai,Meghalaya,+91 9000000150,Dr. Rajesh Iyer
Jowai Rehabilitation Center,Jowai,Meghalaya,+91 9000000151,Dr. Vikram Chowdhury
Jowai Rehabilitation Center,Jowai,Meghalaya,+91 9000000152,Dr. Neha Sharma
Shillong Rehabilitation Center,Shillong,Meghalaya,+91 9000000153,Dr. Priya Patel
Shillong Rehabilitation Center,Shillong,Meghalaya,+91 9000000154,Dr. Neha Gupta
Tura Rehabilitation Center,Tura,Meghalaya,+91 9000000155,Dr. Sneha Gupta
Tura Rehabilitation Center,Tura,Meghalaya,+91 9000000156,Dr. Vikram Chowdhury
Tura Rehabilitation Center,Tura,Meghalaya,+91 9000000157,Dr. Amit Das
Tura Rehabilitation Center,Tura,Meghalaya,+91 9000000158,Dr. Rajesh Chowdhury
Shillong Rehabilitation Center,Shillong,Meghalaya,+91 9000000159,Dr. Rajesh Patel
Lunglei Rehabilitation Center,Lunglei,Mizoram,+91 9000000160,Dr. Arun Reddy
Lunglei Rehabilitation Center,Lunglei,Mizoram,+91 9000000161,Dr. Suresh Reddy
Aizawl Rehabilitation Center,Aizawl,Mizoram,+91 9000000162,Dr. Vikram Patel
Lunglei Rehabilitation Center,Lunglei,Mizoram,+91 9000000163,Dr. Neha Iyer
Aizawl Rehabilitation Center,Aizawl,Mizoram,+91 9000000164,Dr. Sneha Patel
Lunglei Rehabilitation Center,Lunglei,Mizoram,+91 9000000165,Dr. Suresh Singh
Lunglei Rehabilitation Center,Lunglei,Mizoram,+91 9000000166,Dr. Priya Singh
Aizawl Rehabilitation Center,Aizawl,Mizoram,+91 9000000167,Dr. Sneha Iyer
Aizawl Rehabilitation Center,Aizawl,Mizoram,+91 9000000168,Dr. Pooja Chowdhury
Aizawl Rehabilitation Center,Aizawl,Mizoram,+91 9000000169,Dr. Sneha Patel
Dimapur Rehabilitation Center,Dimapur,Nagaland,+91 9000000170,Dr. Vikram Chowdhury
Kohima Rehabilitation Center,Kohima,Nagaland,+91 9000000171,Dr. Anita Sharma
Kohima Rehabilitation Center,Kohima,Nagaland,+91 9000000172,Dr. Amit Chowdhury
Kohima Rehabilitation Center,Kohima,Nagaland,+91 9000000173,Dr. Amit Chowdhury
Dimapur Rehabilitation Center,Dimapur,Nagaland,+91 9000000174,Dr. Sneha Reddy
Kohima Rehabilitation Center,Kohima,Nagaland,+91 9000000175,Dr. Amit Kumar
Kohima Rehabilitation Center,Kohima,Nagaland,+91 9000000176,Dr. Suresh Gupta
Kohima Rehabilitation Center,Kohima,Nagaland,+91 9000000177,Dr. Ravi Reddy
Dimapur Rehabilitation Center,Dimapur,Nagaland,+91 9000000178,Dr. Pooja Sharma
Dimapur Rehabilitation Center,Dimapur,Nagaland,+91 9000000179,Dr. Sneha Patel
Cuttack Rehabilitation Center,Cuttack,Odisha,+91 9000000180,Dr. Arun Sharma
Bhubaneswar Rehabilitation Center,Bhubaneswar,Odisha,+91 9000000181,Dr. Vikram Kumar
Sambalpur Rehabilitation Center,Sambalpur,Odisha,+91 9000000182,Dr. Pooja Singh
Sambalpur Rehabilitation Center,Sambalpur,Odisha,+91 9000000183,Dr. Priya Kumar
Sambalpur Rehabilitation Center,Sambalpur,Odisha,+91 9000000184,Dr. Rajesh Chowdhury
Bhubaneswar Rehabilitation Center,Bhubaneswar,Odisha,+91 9000000185,Dr. Pooja Iyer
Sambalpur Rehabilitation Center,Sambalpur,Odisha,+91 9000000186,Dr. Arun Sharma
Sambalpur Rehabilitation Center,Sambalpur,Odisha,+91 9000000187,Dr. Suresh Iyer
Bhubaneswar Rehabilitation Center,Bhubaneswar,Odisha,+91 9000000188,Dr. Deepa Sharma
Bhubaneswar Rehabilitation Center,Bhubaneswar,Odisha,+91 9000000189,Dr. Sneha Patel
Jalandhar Rehabilitation Center,Jalandhar,Punjab,+91 9000000190,Dr. Priya Sharma
Ludhiana Rehabilitation Center,Ludhiana,Punjab,+91 9000000191,Dr. Rajesh Kumar
Amritsar Rehabilitation Center,Amritsar,Punjab,+91 9000000192,Dr. Sneha Kumar
Amritsar Rehabilitation Center,Amritsar,Punjab,+91 9000000193,Dr. Priya Iyer
Patiala Rehabilitation Center,Patiala,Punjab,+91 9000000194,Dr. Anita Iyer
Jalandhar Rehabilitation Center,Jalandhar,Punjab,+91 9000000195,Dr. Suresh Chowdhury
Jalandhar Rehabilitation Center,Jalandhar,Punjab,+91 9000000196,Dr. Arun Sharma
Patiala Rehabilitation Center,Patiala,Punjab,+91 9000000197,Dr. Vikram Gupta
Ludhiana Rehabilitation Center,Ludhiana,Punjab,+91 9000000198,Dr. Deepa Patel
Patiala Rehabilitation Center,Patiala,Punjab,+91 9000000199,Dr. Suresh Gupta
Udaipur Rehabilitation Center,Udaipur,Rajasthan,+91 9000000200,Dr. Rajesh Iyer
Jaipur Rehabilitation Center,Jaipur,Rajasthan,+91 9000000201,Dr. Rajesh Kumar
Kota Rehabilitation Center,Kota,Rajasthan,+91 9000000202,Dr. Rajesh Sharma
Udaipur Rehabilitation Center,Udaipur,Rajasthan,+91 9000000203,Dr. Deepa Chowdhury
Udaipur Rehabilitation Center,Udaipur,Rajasthan,+91 9000000204,Dr. Rajesh Chowdhury
Jodhpur Rehabilitation Center,Jodhpur,Rajasthan,+91 9000000205,Dr. Arun Chowdhury
Udaipur Rehabilitation Center,Udaipur,Rajasthan,+91 9000000206,Dr. Suresh Das
Udaipur Rehabilitation Center,Udaipur,Rajasthan,+91 9000000207,Dr. Priya Sharma
Jaipur Rehabilitation Center,Jaipur,Rajasthan,+91 9000000208,Dr. Vikram Verma
Jaipur Rehabilitation Center,Jaipur,Rajasthan,+91 9000000209,Dr. Vikram Das
Geyzing Rehabilitation Center,Geyzing,Sikkim,+91 9000000210,Dr. Ravi Patel
Geyzing Rehabilitation Center,Geyzing,Sikkim,+91 9000000211,Dr. Priya Das
Geyzing Rehabilitation Center,Geyzing,Sikkim,+91 9000000212,Dr. Suresh Reddy
Geyzing Rehabilitation Center,Geyzing,Sikkim,+91 9000000213,Dr. Priya Gupta
Namchi Rehabilitation Center,Namchi,Sikkim,+91 9000000214,Dr. Vikram Das
Namchi Rehabilitation Center,Namchi,Sikkim,+91 9000000215,Dr. Pooja Patel
Geyzing Rehabilitation Center,Geyzing,Sikkim,+91 9000000216,Dr. Suresh Patel
Namchi Rehabilitation Center,Namchi,Sikkim,+91 9000000217,Dr. Vikram Das
Geyzing Rehabilitation Center,Geyzing,Sikkim,+91 9000000218,Dr. Suresh Singh
Gangtok Rehabilitation Center,Gangtok,Sikkim,+91 9000000219,Dr. Amit Das
Chennai Rehabilitation Center,Chennai,Tamil Nadu,+91 9000000220,Dr. Suresh Iyer
Madurai Rehabilitation Center,Madurai,Tamil Nadu,+91 9000000221,Dr. Pooja Gupta
Chennai Rehabilitation Center,Chennai,Tamil Nadu,+91 9000000222,Dr. Vikram Patel
Coimbatore Rehabilitation Center,Coimbatore,Tamil Nadu,+91 9000000223,Dr. Arun Kumar
Madurai Rehabilitation Center,Madurai,Tamil Nadu,+91 9000000224,Dr. Suresh Das
Madurai Rehabilitation Center,Madurai,Tamil Nadu,+91 9000000225,Dr. Anita Verma
Tiruchirappalli Rehabilitation Center,Tiruchirappalli,Tamil Nadu,+91 9000000226,Dr. Rajesh Chowdhury
Chennai Rehabilitation Center,Chennai,Tamil Nadu,+91 9000000227,Dr. Sneha Reddy
Chennai Rehabilitation Center,Chennai,Tamil Nadu,+91 9000000228,Dr. Priya Verma
Chennai Rehabilitation Center,Chennai,Tamil Nadu,+91 9000000229,Dr. Rajesh Sharma
Nizamabad Rehabilitation Center,Nizamabad,Telangana,+91 9000000230,Dr. Ravi Reddy
Warangal Rehabilitation Center,Warangal,Telangana,+91 9000000231,Dr. Amit Sharma
Nizamabad Rehabilitation Center,Nizamabad,Telangana,+91 9000000232,Dr. Suresh Das
Nizamabad Rehabilitation Center,Nizamabad,Telangana,+91 9000000233,Dr. Sneha Reddy
Hyderabad Rehabilitation Center,Hyderabad,Telangana,+91 9000000234,Dr. Amit Das
Nizamabad Rehabilitation Center,Nizamabad,Telangana,+91 9000000235,Dr. Deepa Patel
Warangal Rehabilitation Center,Warangal,Telangana,+91 9000000236,Dr. Ravi Gupta
Hyderabad Rehabilitation Center,Hyderabad,Telangana,+91 9000000237,Dr. Rajesh Kumar
Warangal Rehabilitation Center,Warangal,Telangana,+91 9000000238,Dr. Amit Gupta
Nizamabad Rehabilitation Center,Nizamabad,Telangana,+91 9000000239,Dr. Priya Verma
Kailasahar Rehabilitation Center,Kailasahar,Tripura,+91 9000000240,Dr. Neha Kumar
Agartala Rehabilitation Center,Agartala,Tripura,+91 9000000241,Dr. Priya Verma
Udaipur Rehabilitation Center,Udaipur,Tripura,+91 9000000242,Dr. Sneha Sharma
Udaipur Rehabilitation Center,Udaipur,Tripura,+91 9000000243,Dr. Neha Singh
Kailasahar Rehabilitation Center,Kailasahar,Tripura,+91 9000000244,Dr. Deepa Singh
Agartala Rehabilitation Center,Agartala,Tripura,+91 9000000245,Dr. Neha Gupta
Udaipur Rehabilitation Center,Udaipur,Tripura,+91 9000000246,Dr. Arun Gupta
Udaipur Rehabilitation Center,Udaipur,Tripura,+91 9000000247,Dr. Rajesh Das
Agartala Rehabilitation Center,Agartala,Tripura,+91 9000000248,Dr. Ravi Das
Kailasahar Rehabilitation Center,Kailasahar,Tripura,+91 9000000249,Dr. Arun Reddy
Allahabad Rehabilitation Center,Allahabad,Uttar Pradesh,+91 9000000250,Dr. Arun Verma
Lucknow Rehabilitation Center,Lucknow,Uttar Pradesh,+91 9000000251,Dr. Priya Patel
Allahabad Rehabilitation Center,Allahabad,Uttar Pradesh,+91 9000000252,Dr. Vikram Gupta
Agra Rehabilitation Center,Agra,Uttar Pradesh,+91 9000000253,Dr. Pooja Kumar
Varanasi Rehabilitation Center,Varanasi,Uttar Pradesh,+91 9000000254,Dr. Neha Patel
Agra Rehabilitation Center,Agra,Uttar Pradesh,+91 9000000255,Dr. Pooja Sharma
Agra Rehabilitation Center,Agra,Uttar Pradesh,+91 9000000256,Dr. Deepa Sharma
Allahabad Rehabilitation Center,Allahabad,Uttar Pradesh,+91 9000000257,Dr. Suresh Sharma
Kanpur Rehabilitation Center,Kanpur,Uttar Pradesh,+91 9000000258,Dr. Ravi Gupta
Varanasi Rehabilitation Center,Varanasi,Uttar Pradesh,+91 9000000259,Dr. Priya Verma
Nainital Rehabilitation Center,Nainital,Uttarakhand,+91 9000000260,Dr. Sneha Verma
Haridwar Rehabilitation Center,Haridwar,Uttarakhand,+91 9000000261,Dr. Amit Reddy
Haridwar Rehabilitation Center,Haridwar,Uttarakhand,+91 9000000262,Dr. Priya Gupta
Haridwar Rehabilitation Center,Haridwar,Uttarakhand,+91 9000000263,Dr. Amit Singh
Almora Rehabilitation Center,Almora,Uttarakhand,+91 9000000264,Dr. Neha Reddy
Dehradun Rehabilitation Center,Dehradun,Uttarakhand,+91 9000000265,Dr. Neha Chowdhury
Dehradun Rehabilitation Center,Dehradun,Uttarakhand,+91 9000000266,Dr. Vikram Gupta
Almora Rehabilitation Center,Almora,Uttarakhand,+91 9000000267,Dr. Sneha Reddy
Nainital Rehabilitation Center,Nainital,Uttarakhand,+91 9000000268,Dr. Suresh Kumar
Dehradun Rehabilitation Center,Dehradun,Uttarakhand,+91 9000000269,Dr. Neha Kumar
Siliguri Rehabilitation Center,Siliguri,West Bengal,+91 9000000270,Dr. Suresh Kumar
Durgapur Rehabilitation Center,Durgapur,West Bengal,+91 9000000271,Dr. Neha Kumar
Darjeeling Rehabilitation Center,Darjeeling,West Bengal,+91 9000000272,Dr. Deepa Singh
Siliguri Rehabilitation Center,Siliguri,West Bengal,+91 9000000273,Dr. Sneha Gupta
Siliguri Rehabilitation Center,Siliguri,West Bengal,+91 9000000274,Dr. Arun Chowdhury
Darjeeling Rehabilitation Center,Darjeeling,West Bengal,+91 9000000275,Dr. Ravi Iyer
Siliguri Rehabilitation Center,Siliguri,West Bengal,+91 9000000276,Dr. Sneha Verma
Siliguri Rehabilitation Center,Siliguri,West Bengal,+91 9000000277,Dr. Anita Singh
Durgapur Rehabilitation Center,Durgapur,West Bengal,+91 9000000278,Dr. Sneha Reddy
Siliguri Rehabilitation Center,Siliguri,West Bengal,+91 9000000279,Dr. Anita Chowdhury
